Player Names,Teams,Player Links,Alternative Name,Birth Dates
DJ Worrall,SUR,https://www.cricinfo.com/cricketers/daniel-worrall-557298,daniel-worrall-557298,1991-08-10
JA Porter,ESSEX,https://www.cricinfo.com/cricketers/jamie-porter-511252,jamie-porter-511252,1993-06-25
OJ Hannon-Dalby,WARKS,https://www.cricinfo.com/cricketers/oliver-hannon-dalby-297483,oliver-hannon-dalby-297483,1989-07-20
DY Pennington,NOTTS,https://www.cricinfo.com/cricketers/dillon-pennington-1094569,dillon-pennington-1094569,1999-03-26
S Snater,ESSEX,https://www.cricinfo.com/cricketers/shane-snater-696143,shane-snater-696143,1996-04-24
LA Dawson,HANTS,https://www.cricinfo.com/cricketers/liam-dawson-211855,liam-dawson-211855,1990-04-01
SJ Cook,ESSEX,https://www.cricinfo.com/cricketers/sam-cook-772061,sam-cook-772061,1997-09-04
KJ Abbott,HANTS,https://www.cricinfo.com/cricketers/kyle-abbott-297583,kyle-abbott-297583,1987-07-18
SR Harmer,ESSEX,https://www.cricinfo.com/cricketers/simon-harmer-432960,simon-harmer-432960,1989-03-10
NG Smith,WORCS,https://www.cricinfo.com/cricketers/nathan-smith-959771,nathan-smith-959771,1998-08-15
MJJ Critchley,ESSEX,https://www.cricinfo.com/cricketers/matt-critchley-776695,matt-critchley-776695,1996-09-13
NM Lyon,LANCS,https://www.cricinfo.com/cricketers/nathan-lyon-272279,nathan-lyon-272279,1987-12-20
J Clark,SUR,https://www.cricinfo.com/cricketers/jordan-clark-301648,jordan-clark-301648,1990-11-14
GP Balderson,LANCS,https://www.cricinfo.com/cricketers/george-balderson-1146763,george-balderson-1146763,2000-11-11
M Pretorius,SOM,https://www.cricinfo.com/cricketers/migael-pretorius-605683,migael-pretorius-605683,1995-04-24
BA Raine,DURH,https://www.cricinfo.com/cricketers/ben-raine-459761,ben-raine-459761,1991-10-14
C Overton,SOM,https://www.cricinfo.com/cricketers/craig-overton-464626,craig-overton-464626,1994-05-10
MW Parkinson,KENT,https://www.cricinfo.com/cricketers/matt-parkinson-653695,matt-parkinson-653695,1996-11-24
CT Steel,SUR,https://www.cricinfo.com/cricketers/cameron-steel-633301,cameron-steel-633301,1995-10-13
MJ Potts,DURH,https://www.cricinfo.com/cricketers/matthew-potts-1027781,matthew-potts-1027781,1998-11-29
D Paterson,NOTTS,https://www.cricinfo.com/cricketers/dane-paterson-327947,dane-paterson-327947,1989-05-04
L Gregory,SOM,https://www.cricinfo.com/cricketers/lewis-gregory-362201,lewis-gregory-362201,1992-06-24
LW James,NOTTS,https://www.cricinfo.com/cricketers/lyndon-james-1046871,lyndon-james-1046871,1999-01-27
CG Harrison,NOTTS,https://www.cricinfo.com/cricketers/calvin-harrison-859899,calvin-harrison-859899,1998-05-29
BA Stokes,DURH,https://www.cricinfo.com/cricketers/ben-stokes-311158,ben-stokes-311158,1991-07-04
KAJ Roach,SUR,https://www.cricinfo.com/cricketers/kemar-roach-230553,kemar-roach-230553,1988-07-30
CF Parkinson,DURH,https://www.cricinfo.com/cricketers/callum-parkinson-789729,callum-parkinson-789729,1996-11-24
KL Aldridge,SOM,https://www.cricinfo.com/cricketers/kasey-aldridge-1173045,kasey-aldridge-1173045,2001-01-24
KHD Barker,HANTS,https://www.cricinfo.com/cricketers/keith-barker-354441,keith-barker-354441,1986-11-21
Mohammad Abbas,HANTS,https://www.cricinfo.com/cricketers/mohammad-abbas-389666,mohammad-abbas-389666,1990-04-10
MJ Waite,WORCS,https://www.cricinfo.com/cricketers/matthew-waite-765879,matthew-waite-765879,1996-01-24
DW Lawrence,SUR,https://www.cricinfo.com/cricketers/dan-lawrence-641423,dan-lawrence-641423,1997-08-12
TE Bailey,LANCS,https://www.cricinfo.com/cricketers/tom-bailey-473193,tom-bailey-473193,1991-05-21
JT Ball,SOM,https://www.cricinfo.com/cricketers/jake-ball-414990,jake-ball-414990,1991-04-14
AAP Atkinson,SUR,https://www.cricinfo.com/cricketers/gus-atkinson-1039481,gus-atkinson-1039481,1998-02-19
RM Yates,WARKS,https://www.cricinfo.com/cricketers/rob-yates-1097408,rob-yates-1097408,1999-10-19
J Leach,WORCS,https://www.cricinfo.com/cricketers/joe-leach-355092,joe-leach-355092,1990-11-30
NN Gilchrist,KENT,https://www.cricinfo.com/cricketers/nathan-gilchrist-982597,nathan-gilchrist-982597,2000-07-11
PM Siddle,DURH,https://www.cricinfo.com/cricketers/peter-siddle-7898,peter-siddle-7898,1984-12-25
FS Organ,HANTS,https://www.cricinfo.com/cricketers/felix-organ-862065,felix-organ-862065,1999-07-02
WSA Williams,LANCS,https://www.cricinfo.com/cricketers/will-williams-590913,will-williams-590913,1992-11-06
AW Finch,WORCS,https://www.cricinfo.com/cricketers/adam-finch-1026317,adam-finch-1026317,2000-06-28
JDM Evison,KENT,https://www.cricinfo.com/cricketers/joey-evison-1115852,joey-evison-1115852,2001-12-14
LWP Wells,LANCS,https://www.cricinfo.com/cricketers/luke-wells-350126,luke-wells-350126,1991-01-29
WA Agar,KENT,https://www.cricinfo.com/cricketers/wes-agar-959833,wes-agar-959833,1997-03-05
GA Garrett,KENT,https://www.cricinfo.com/cricketers/george-garrett-1145108,george-garrett-1145108,2000-04-04
TE Lawes,SUR,https://www.cricinfo.com/cricketers/tom-lawes-1264775,tom-lawes-1264775,2003-01-25
P Coughlin,DURH,https://www.cricinfo.com/cricketers/paul-coughlin-517542,paul-coughlin-517542,1992-11-23
SA Abbott,SUR,https://www.cricinfo.com/cricketers/sean-abbott-398666,sean-abbott-398666,1992-03-29
JH Davey,SOM,https://www.cricinfo.com/cricketers/josh-davey-407265,josh-davey-407265,1990-09-03
OP Stone,NOTTS,https://www.cricinfo.com/cricketers/olly-stone-457279,olly-stone-457279,1993-11-09
EG Barnard,WARKS,https://www.cricinfo.com/cricketers/ed-barnard-578769,ed-barnard-578769,1995-12-20
JK Fuller,HANTS,https://www.cricinfo.com/cricketers/james-fuller-451782,james-fuller-451782,1990-02-24
CN Miles,WARKS,https://www.cricinfo.com/cricketers/craig-miles-407875,craig-miles-407875,1994-08-20
JO Holder,WORCS,https://www.cricinfo.com/cricketers/jason-holder-391485,jason-holder-391485,1991-12-05
MJ Leach,SOM,https://www.cricinfo.com/cricketers/jack-leach-455524,jack-leach-455524,1991-07-22
JM Anderson,LANCS,https://www.cricinfo.com/cricketers/james-anderson-8608,james-anderson-8608,1982-08-30
MD Rae,WARKS,https://www.cricinfo.com/cricketers/michael-rae-622772,michael-rae-622772,1995-07-13
TAI Taylor,WORCS,https://www.cricinfo.com/cricketers/tom-taylor-519544,tom-taylor-519544,1995-01-21
E Bosch,ESSEX,https://www.cricinfo.com/cricketers/eathan-bosch-698343,eathan-bosch-698343,1998-05-27
BJ Gibbon,WORCS,https://www.cricinfo.com/cricketers/ben-gibbon-1148522,ben-gibbon-1148522,2000-07-09
WMH Rhodes,WARKS,https://www.cricinfo.com/cricketers/will-rhodes-570421,will-rhodes-570421,1995-04-02
BMJ Allison,WORCS,https://www.cricinfo.com/cricketers/ben-allison-1098405,ben-allison-1098405,2000-01-18
TH Aspinwall,LANCS,https://www.cricinfo.com/cricketers/tom-aspinwall-1260230,tom-aspinwall-1260230,2004-04-13
JG Bethell,WARKS,https://www.cricinfo.com/cricketers/jacob-bethell-1194959,jacob-bethell-1194959,2003-11-23
DR Briggs,WARKS,https://www.cricinfo.com/cricketers/danny-briggs-310107,danny-briggs-310107,1991-05-30
MG Booth,WARKS,https://www.cricinfo.com/cricketers/michael-booth-1071011,michael-booth-1071011,2001-03-12
G Stewart,KENT,https://www.cricinfo.com/cricketers/grant-stewart-1098186,grant-stewart-1098186,1994-03-19
Shoaib Bashir,SOM/WORCS,https://www.cricinfo.com/cricketers/shoaib-bashir-1334872,shoaib-bashir-1334872,2003-11-13
CB Simmons,WARKS,https://www.cricinfo.com/cricketers/che-simmons-1263694,che-simmons-1263694,2004-01-18
LJ Fletcher,NOTTS,https://www.cricinfo.com/cricketers/luke-fletcher-297592,luke-fletcher-297592,1988-10-18
JPA Taylor,SUR,https://www.cricinfo.com/cricketers/james-taylor-1044665,james-taylor-1044665,2001-02-19
B Swanepoel,KENT,https://www.cricinfo.com/cricketers/beyers-swanepoel-698319,beyers-swanepoel-698319,1998-06-06
DR Mousley,WARKS,https://www.cricinfo.com/cricketers/dan-mousley-1172968,dan-mousley-1172968,2001-08-08
LP Goldsworthy,SOM,https://www.cricinfo.com/cricketers/lewis-goldsworthy-1094990,lewis-goldsworthy-1094990,2001-02-08
Y Singh,WORCS,https://www.cricinfo.com/cricketers/yadvinder-singh-1192186,yadvinder-singh-1192186,1996-02-18
C Rushworth,WARKS,https://www.cricinfo.com/cricketers/chris-rushworth-20032,chris-rushworth-20032,1986-08-11
BA Hutton,NOTTS,https://www.cricinfo.com/cricketers/brett-hutton-469802,brett-hutton-469802,1993-03-06
JO Baker,WORCS,https://www.cricinfo.com/cricketers/josh-baker-1265083,josh-baker-1265083,2003-06-16
JB Lintott,WARKS,https://www.cricinfo.com/cricketers/jake-lintott-463668,jake-lintott-463668,1993-05-22
JP Morley,LANCS,https://www.cricinfo.com/cricketers/jack-morley-1147569,jack-morley-1147569,2001-07-25
PI Walter,ESSEX,https://www.cricinfo.com/cricketers/paul-walter-909225,paul-walter-909225,1994-06-28
IG Holland,HANTS,https://www.cricinfo.com/cricketers/ian-holland-334340,ian-holland-334340,1990-11-03
Hasan Ali,WARKS,https://www.cricinfo.com/cricketers/hasan-ali-681305,hasan-ali-681305,1994-08-02
BL D'Oliveira,WORCS,https://www.cricinfo.com/cricketers/brett-d-oliveira-471202,brett-d-oliveira-471202,1992-03-28
CH Stobo,KENT,https://www.cricinfo.com/cricketers/charlie-stobo-905853,charlie-stobo-905853,1995-04-08
MK O'Riordan,KENT,https://www.cricinfo.com/cricketers/marcus-o-riordan-769529,marcus-o-riordan-769529,1998-02-25
T Westley,ESSEX,https://www.cricinfo.com/cricketers/tom-westley-214265,tom-westley-214265,1989-04-13
MG Neser,HANTS,https://www.cricinfo.com/cricketers/michael-neser-376169,michael-neser-376169,1990-04-29
BTJ Wheal,HANTS,https://www.cricinfo.com/cricketers/brad-wheal-807535,brad-wheal-807535,1996-09-28
Kashif Ali,WORCS,https://www.cricinfo.com/cricketers/kashif-ali-1095900,kashif-ali-1095900,1998-03-07
MT Renshaw,SOM,https://www.cricinfo.com/cricketers/matt-renshaw-722303,matt-renshaw-722303,1996-04-28
S Mahmood,LANCS,https://www.cricinfo.com/cricketers/saqib-mahmood-643885,saqib-mahmood-643885,1997-03-25
Arafat Bhuiyan,KENT,https://www.cricinfo.com/cricketers/arafat-bhuiyan-1112524,arafat-bhuiyan-1112524,1996-11-11
CN Ackermann,DURH,https://www.cricinfo.com/cricketers/colin-ackermann-379774,colin-ackermann-379774,1991-05-04
JA Leaning,KENT,https://www.cricinfo.com/cricketers/jack-leaning-517249,jack-leaning-517249,1993-11-18
TJ Prest,HANTS,https://www.cricinfo.com/cricketers/tom-prest-1181700,tom-prest-1181700,2003-04-24
M Montgomery,NOTTS,https://www.cricinfo.com/cricketers/matthew-montgomery-596062,matthew-montgomery-596062,2000-06-10
CJ Green,LANCS,https://www.cricinfo.com/cricketers/chris-green-787073,chris-green-787073,1993-11-01
JK Denly,KENT,https://www.cricinfo.com/cricketers/jaydn-denly-1319834,jaydn-denly-1319834,2006-02-05
